10203000	Київ Банкова 6/8	50,446218	30,529477	5
10203001	Київ Басейна 	50,440364	30,522895	3
10203002	Київ Басейна 1	50,442166	30,521996	4
10203003	Київ Басейна 1/2	50,441785	30,522671	4
10203004	Київ Басейна 1/2	50,441803	30,52278	5
10203005	Київ Басейна 1/2	50,441803	30,52278	8
10203006	Київ Басейна 1/2	50,441803	30,52278	1
10203007	Київ Басейна 1/2	50,44184	30,522886	3
10203008	Київ Басейна 1/2	50,44184	30,522886	2
10203009	Київ Басейна 1/2А	50,442234	30,522749	8
10203010	Київ Басейна 1/2А	50,442016	30,522775	2
10203011	Київ Басейна 1/2А	50,442071	30,522957	4
10203012	Київ Басейна 1/2А	50,442027	30,52299	0
10203013	Київ Басейна 1/2А	50,442013	30,523011	5
10203014	Київ Басейна 1/2А	50,442057	30,523011	6
10203015	Київ Басейна 1/2А	50,442064	30,523075	3
10203016	Київ Басейна 10	50,440324	30,522206	1
10203017	Київ Басейна 10	50,440317	30,522217	4
10203018	Київ Басейна 10	50,440283	30,522222	6
10203019	Київ Басейна 10	50,440283	30,522222	6
10203020	Київ Басейна 10	50,440283	30,522222	3
10203021	Київ Басейна 10	50,440283	30,522222	0
10203022	Київ Басейна 10	50,440283	30,522222	0
10203023	Київ Басейна 10	50,440283	30,522222	7
10203024	Київ Басейна 10	50,440283	30,522222	4
10203025	Київ Басейна 10	50,440314	30,522238	3
10203026	Київ Басейна 10	50,440331	30,522249	1
10203027	Київ Басейна 10	50,440392	30,52226	5
10203028	Київ Басейна 10	50,440334	30,522324	5
10203029	Київ Басейна 10	50,440321	30,522345	9
10203030	Київ Басейна 10	50,44029	30,52245	5
10203031	Київ Басейна 11	50,440572	30,52311	8
10203032	Київ Басейна 11	50,440603	30,523137	0
10203033	Київ Басейна 11	50,440515	30,523185	2
10203034	Київ Басейна 11	50,440548	30,523186	3
10203035	Київ Басейна 11	50,44049	30,52327	2
10203036	Київ Басейна 11-13	50,44016	30,52323	6
10203037	Київ Басейна 11А	50,440609	30,523698	8
10203038	Київ Басейна 12	50,439624	30,522772	2
10203039	Київ Басейна 12	50,439727	30,522836	7
10203040	Київ Басейна 12	50,43975	30,522853	1
10203041	Київ Басейна 12	50,439647	30,522923	4
10203042	Київ Басейна 12	50,439487	30,522966	0
10203043	Київ Басейна 12	50,4398	30,5233	0
10203044	Київ Басейна 12/1	50,439624	30,522772	2
10203045	Київ Басейна 12/1	50,439624	30,522772	9
10203046	Київ Басейна 12/1	50,439624	30,522772	6
10203047	Київ Басейна 13	50,440303	30,523483	7
10203048	Київ Басейна 13	50,440257	30,523509	2
10203049	Київ Басейна 1-3/2А	50,442128	30,522495	1
10203050	Київ Басейна 1-3/2А	50,442114	30,522516	9
10203051	Київ Басейна 1-3/2А	50,442032	30,522978	7
10203052	Київ Басейна 15	50,44004	30,52356	5
10203053	Київ Басейна 15	50,440114	30,523818	3
10203054	Київ Басейна 15	50,440118	30,523834	1
10203055	Київ Басейна 15	50,440118	30,523834	4
10203056	Київ Басейна 17	50,439907	30,524155	7
10203057	Київ Басейна 17	50,439907	30,524155	3
10203058	Київ Басейна 17	50,439907	30,524155	2
10203059	Київ Басейна 19	50,439709	30,524489	8
10203060	Київ Басейна 19	50,439653	30,524507	4
10203061	Київ Басейна 19	50,439673	30,524536	9
10203062	Київ Басейна 19Б	50,440018	30,52478	7
10203063	Київ Басейна 2	50,441695	30,521523	9
10203064	Київ Басейна 2	50,441681	30,521566	9
10203065	Київ Басейна 21А	50,439501	30,524823	4
10203066	Київ Басейна 21А	50,439646	30,524998	2
10203067	Київ Басейна 21Б	50,43965	30,524992	1
10203068	Київ Басейна 2А	50,441518	30,521254	3
10203069	Київ Басейна 2А	50,441681	30,521566	5
10203070	Київ Басейна 2А	50,441681	30,521566	8
10203071	Київ Басейна 2А	50,441681	30,521566	2
10203072	Київ Басейна 2А	50,441681	30,521566	6
10203073	Київ Басейна 2А	50,442006	30,522845	5
10203074	Київ Басейна 2А	50,442034	30,52292	5
10203075	Київ Басейна 2А	50,442013	30,523011	3
10203076	Київ Басейна 2А	50,442013	30,523011	3
10203077	Київ Басейна 2А	50,442071	30,523032	5
10203078	Київ Басейна 2А	50,442071	30,523059	0
10203079	Київ Басейна 2А	50,442037	30,523113	1
10203080	Київ Басейна 3	50,441629	30,5228	1
10203081	Київ Басейна 3	50,441722	30,5228	1
10203082	Київ Басейна 3	50,441674	30,522811	2
10203083	Київ Басейна 3	50,441657	30,522838	7
10203084	Київ Басейна 3	50,441667	30,52287	5
10203085	Київ Басейна 3	50,44166	30,522922	6
10203086	Київ Басейна 3	50,44167	30,522929	3
10203087	Київ Басейна 3А	50,441716	30,523593	4
10203088	Київ Басейна 3А	50,441716	30,523593	5
10203089	Київ Басейна 3А	50,441743	30,523609	9
10203090	Київ Басейна 3А	50,441726	30,523625	5
10203091	Київ Басейна 4	50,441101	30,521854	2
10203092	Київ Басейна 4А	50,4415	30,521162	3
10203093	Київ Басейна 4А	50,4415	30,521162	5
10203094	Київ Басейна 4А	50,441382	30,521697	1
10203095	Київ Басейна 4А	50,441382	30,521697	9
10203096	Київ Басейна 4А	50,441382	30,521697	0
10203097	Київ Басейна 4А	50,441382	30,521697	0
10203098	Київ Басейна 4-а	50,441146	30,52194	5
10203099	Київ Басейна 5А	50,441409	30,522864	2
10203100	Київ Басейна 5А	50,441386	30,522878	4
10203101	Київ Басейна 5А	50,441424	30,522878	7
10203102	Київ Басейна 5А	50,441431	30,522911	6
10203103	Київ Басейна 5А	50,441431	30,522911	6
10203104	Київ Басейна 5А	50,441431	30,522911	4
10203105	Київ Басейна 5Б	50,44115	30,52262	3
10203106	Київ Басейна 5Б	50,441167	30,522901	2
10203107	Київ Басейна 5Б	50,441167	30,522901	8
10203108	Київ Басейна 5Б	50,441167	30,522901	9
10203109	Київ Басейна 5Б	50,441167	30,522901	9
10203110	Київ Басейна 5Б	50,441167	30,522901	5
10203111	Київ Басейна 5Б	50,441167	30,522901	6
10203112	Київ Басейна 5Б	50,441167	30,522901	4
10203113	Київ Басейна 5Б	50,441167	30,522901	1
10203114	Київ Басейна 5Б	50,441148	30,522904	2
10203115	Київ Басейна 5Б	50,441159	30,522922	6
10203116	Київ Басейна 5Б	50,441197	30,522933	5
10203117	Київ Басейна 5Б	50,441204	30,522938	7
10203118	Київ Басейна 5Б	50,441187	30,523072	2
10203119	Київ Басейна 6	50,441085	30,520695	0
10203120	Київ Басейна 6	50,441075	30,520738	9
10203121	Київ Басейна 6	50,441078	30,520749	7
10203122	Київ Басейна 6	50,441061	30,520824	4
10203123	Київ Басейна 6	50,441061	30,520824	9
10203124	Київ Басейна 6	50,441061	30,520824	7
10203125	Київ Басейна 6	50,441173	30,521055	3
10203126	Київ Басейна 6	50,44065	30,5215	5
10203127	Київ Басейна 6	50,441316	30,521752	8
10203128	Київ Басейна 6	50,441118	30,521892	3
10203129	Київ Басейна 6	50,441296	30,521902	6
10203130	Київ Басейна 6	50,441296	30,521902	5
10203131	Київ Басейна 6	50,44142	30,52194	0
10203132	Київ Басейна 6	50,441142	30,522004	3
10203133	Київ Басейна 7	50,440981	30,522947	7
10203134	Київ Басейна 7В	50,440949	30,522958	5
10203135	Київ Басейна 7В	50,440949	30,522958	6
10203136	Київ Басейна 7В	50,440983	30,523327	1
10203137	Київ Басейна 7В	50,440988	30,523641	0
10203138	Київ Басейна 7В	50,441171	30,523665	4
10203139	Київ Басейна 9	50,44074	30,522973	0
10203140	Київ Басейна 9А	50,440758	30,523049	7
10203141	Київ Басейна 9А	50,440742	30,523125	0
10203142	Київ Басейна 9Г	50,440829	30,523716	0
10203143	Київ Басейна 9Г	50,440806	30,523784	1
10203144	Київ Басейна 9Г	50,44086	30,523785	9
10203145	Київ Басейна 9Г	50,440828	30,523841	6
10203146	Київ Бесарабська 1	50,442919	30,521559	4
10203147	Київ Бесарабська 2	50,442368	30,521502	8
10203148	Київ Бесарабська 2	50,442354	30,521513	0
10203149	Київ Бесарабська 2	50,442344	30,521529	8
10203150	Київ Бесарабська 2	50,442383	30,521535	9
10203151	Київ Бесарабська 2	50,442383	30,521535	8
10203152	Київ Бесарабська 2	50,442383	30,521535	3
10203153	Київ Бесарабська 2	50,442383	30,521535	1
10203154	Київ Бесарабська 2	50,442383	30,521535	3
10203155	Київ Бесарабська 2	50,442341	30,521545	2
10203156	Київ Бесарабська 2	50,442307	30,521577	4
10203157	Київ Бесарабська 2	50,442307	30,521577	0
10203158	Київ Бесарабська 2	50,442307	30,521577	3
10203159	Київ Бесарабська 2	50,442337	30,521577	2
10203160	Київ Бесарабська 5	50,442826	30,522232	5
10203161	Київ Бесарабська 5	50,442813	30,52224	2
10203162	Київ Бесарабська 5	50,442841	30,522292	5
10203163	Київ Бесарабська 7Б	50,442926	30,522791	8
10203164	Київ Бесарабська 9/1	50,44255	30,52295	8
10203165	Київ Бесарабська 9/1А	50,442708	30,522997	5
10203166	Київ Велика Васильківська 1/3	50,44173	30,520619	8
10203167	Київ Велика Васильківська 1-3	50,44173	30,520619	2
10203168	Київ Велика Васильківська 1-3	50,44173	30,520619	7
10203169	Київ Велика Васильківська 13/1	50,44045	30,51916	3
10203170	Київ Велика Васильківська 13/1	50,440234	30,519559	5
10203171	Київ Велика Васильківська 13/1	50,440244	30,519569	5
10203172	Київ Велика Васильківська 13/1	50,440165	30,519721	1
10203173	Київ Велика Васильківська 13/1	50,440281	30,519743	5
10203174	Київ Велика Васильківська 13/1	50,440281	30,519743	7
10203175	Київ Велика Васильківська 13/1	50,440281	30,519743	6
10203176	Київ Велика Васильківська 13/1	50,440391	30,519864	3
10203177	Київ Велика Васильківська 13/1	50,440323	30,519945	0
10203178	Київ Велика Васильківська 1-3/2	50,44188	30,52007	5
10203179	Київ Велика Васильківська 1-3/2	50,44192	30,52086	4
10203180	Київ Велика Васильківська 1-3/2	50,44201	30,52095	9
10203181	Київ Велика Васильківська 1-3/2А	50,441822	30,520497	7
10203182	Київ Велика Васильківська 15/2	50,43976	30,51836	3
10203183	Київ Велика Васильківська 15/2	50,440049	30,518759	0
10203184	Київ Велика Васильківська 15/2	50,439885	30,518767	9
10203185	Київ Велика Васильківська 15/2	50,439987	30,518906	8
10203186	Київ Велика Васильківська 15/2	50,439987	30,518906	9
10203187	Київ Велика Васильківська 17	50,439714	30,51835	6
10203188	Київ Велика Васильківська 17	50,439685	30,518361	4
10203189	Київ Велика Васильківська 17	50,439725	30,518366	4
10203190	Київ Велика Васильківська 17А	50,439424	30,518929	8
10203191	Київ Велика Васильківська 17Б	50,44009	30,51832	5
10203192	Київ Велика Васильківська 17Б	50,439369	30,518798	1
10203193	Київ Велика Васильківська 17В	50,439714	30,518388	3
10203194	Київ Велика Васильківська 19	50,439418	30,518182	7
10203195	Київ Велика Васильківська 19	50,439418	30,518182	7
10203196	Київ Велика Васильківська 19	50,439385	30,518252	1
10203197	Київ Велика Васильківська 19	50,439334	30,518316	1
10203198	Київ Велика Васильківська 19	50,439327	30,518321	8
10203199	Київ Велика Васильківська 21	50,439348	30,517563	8
10203200	Київ Велика Васильківська 21	50,439382	30,517634	8
10203201	Київ Велика Васильківська 21	50,43937	30,517638	9
10203202	Київ Велика Васильківська 21	50,439406	30,517677	2
10203203	Київ Велика Васильківська 21	50,439406	30,517677	6
10203204	Київ Велика Васильківська 21	50,439406	30,517677	5
10203205	Київ Велика Васильківська 21	50,439406	30,517677	3
10203206	Київ Велика Васильківська 21	50,439437	30,517698	5
10203207	Київ Велика Васильківська 21	50,439406	30,51772	8
10203208	Київ Велика Васильківська 21	50,43964	30,51773	3
10203209	Київ Велика Васильківська 21	50,43925	30,51774	7
10203210	Київ Велика Васильківська 21	50,439478	30,517838	0
10203211	Київ Велика Васильківська 23	50,439161	30,517176	0
10203212	Київ Велика Васильківська 23	50,439161	30,517176	9
10203213	Київ Велика Васильківська 23	50,439171	30,517187	7
10203214	Київ Велика Васильківська 23	50,439215	30,517348	1
10203215	Київ Велика Васильківська 23	50,439215	30,517348	1
10203216	Київ Велика Васильківська 23	50,4392	30,51754	9
10203217	Київ Велика Васильківська 23А	50,43912	30,51687	2
10203218	Київ Велика Васильківська 23А	50,439014	30,517634	7
10203219	Київ Велика Васильківська 23А	50,439055	30,51765	5
10203220	Київ Велика Васильківська 23А	50,439049	30,517703	4
10203221	Київ Велика Васильківська 23А	50,439021	30,517709	2
10203222	Київ Велика Васильківська 23А	50,439021	30,517709	2
10203223	Київ Велика Васильківська 23А	50,43899	30,517773	7
10203224	Київ Велика Васильківська 23Б	50,43843	30,517512	9
10203225	Київ Велика Васильківська 23Б	50,43843	30,517512	4
10203226	Київ Велика Васильківська 23Б	50,43843	30,517512	8
10203227	Київ Велика Васильківська 23Б	50,43843	30,517512	6
10203228	Київ Велика Васильківська 23Б	50,43843	30,517512	9
10203229	Київ Велика Васильківська 23Б	50,43843	30,517512	4
10203230	Київ Велика Васильківська 23Б	50,438505	30,517549	7
10203231	Київ Велика Васильківська 23Б	50,43843	30,517555	3
10203232	Київ Велика Васильківська 23Б	50,438457	30,517573	5
10203233	Київ Велика Васильківська 23Б	50,4383	30,51764	7
10203234	Київ Велика Васильківська 23В	50,439161	30,517176	4
10203235	Київ Велика Васильківська 23В	50,43914	30,51739	0
10203236	Київ Велика Васильківська 23В	50,43897	30,5175	6
10203237	Київ Велика Васильківська 23В	50,439021	30,517709	7
10203238	Київ Велика Васильківська 25	50,43902	30,51599	8
10203239	Київ Велика Васильківська 25	50,43881	30,5161	1
10203240	Київ Велика Васильківська 25	50,43888	30,5161	0
10203241	Київ Велика Васильківська 25	50,438819	30,516526	3
10203242	Київ Велика Васильківська 25	50,438839	30,516559	7
10203243	Київ Велика Васильківська 25	50,438805	30,516576	9
10203244	Київ Велика Васильківська 25	50,438846	30,516578	2
10203245	Київ Велика Васильківська 25	50,438846	30,516586	4
10203246	Київ Велика Васильківська 25	50,43869	30,51699	8
10203247	Київ Велика Васильківська 27	50,438547	30,51647	6
10203248	Київ Велика Васильківська 27	50,438516	30,516481	7
10203249	Київ Велика Васильківська 27	50,438559	30,516565	4
10203250	Київ Велика Васильківська 29	50,43793	30,51608	6
10203251	Київ Велика Васильківська 29	50,438125	30,51638	0
10203252	Київ Велика Васильківська 29	50,438149	30,516393	9
10203253	Київ Велика Васильківська 29	50,438228	30,516413	8
10203254	Київ Велика Васильківська 29	50,43817	30,516419	2
10203255	Київ Велика Васильківська 29	50,43817	30,516419	0
10203256	Київ Велика Васильківська 29	50,43817	30,516419	8
10203257	Київ Велика Васильківська 29	50,43817	30,516419	1
10203258	Київ Велика Васильківська 29	50,438242	30,516419	0
10203259	Київ Велика Васильківська 29	50,438273	30,516419	0
10203260	Київ Велика Васильківська 29	50,438158	30,516423	7
10203261	Київ Велика Васильківська 29	50,438201	30,51644	8
10203262	Київ Велика Васильківська 29	50,438143	30,516456	2
10203263	Київ Велика Васильківська 29	50,43809	30,51656	0
10203264	Київ Велика Васильківська 29/31	50,437992	30,516404	7
10203265	Київ Велика Васильківська 33	50,43781	30,51616	2
10203266	Київ Велика Васильківська 33	50,437962	30,516459	7
10203267	Київ Велика Васильківська 33	50,43788	30,51647	3
10203268	Київ Велика Васильківська 39	50,437064	30,516409	6
10203269	Київ Велика Васильківська 39	50,437033	30,516419	9
10203270	Київ Велика Васильківська 39	50,437026	30,516433	3
10203271	Київ Велика Васильківська 39	50,437049	30,516483	3
10203272	Київ Велика Васильківська 41	50,436694	30,516413	3
10203273	Київ Велика Васильківська 41	50,43667	30,516419	4
10203274	Київ Велика Васильківська 41	50,436732	30,516435	8
10203275	Київ Велика Васильківська 41	50,436732	30,516435	0
10203276	Київ Велика Васильківська 41Б	50,436689	30,516432	0
10203277	Київ Велика Васильківська 43	50,436189	30,516425	3
10203278	Київ Велика Васильківська 43	50,436273	30,516549	0
10203279	Київ Велика Васильківська 43	50,436454	30,51667	0
10203280	Київ Велика Васильківська 43	50,436454	30,51667	2
10203281	Київ Велика Васильківська 43/16	50,436195	30,516404	1
10203282	Київ Велика Васильківська 43/16	50,436243	30,516409	1
10203283	Київ Велика Васильківська 43/16	50,436243	30,516409	7
10203284	Київ Велика Васильківська 43/16	50,436243	30,516409	6
10203285	Київ Велика Васильківська 43/16	50,436185	30,516458	8
10203286	Київ Велика Васильківська 43/16	50,43619	30,51677	4
10203287	Київ Велика Васильківська 43/16	50,43641	30,51679	2
10203288	Київ Велика Васильківська 45	50,435735	30,516407	4
10203289	Київ Велика Васильківська 47	50,435142	30,516999	1
10203290	Київ Велика Васильківська 49	50,434643	30,516513	0
10203291	Київ Велика Васильківська 5	50,441236	30,520232	6
10203292	Київ Велика Васильківська 5	50,441158	30,520318	1
10203293	Київ Велика Васильківська 5	50,441158	30,520318	1
10203294	Київ Велика Васильківська 5	50,441158	30,520318	2
10203295	Київ Велика Васильківська 5	50,441158	30,520318	5
10203296	Київ Велика Васильківська 5	50,441158	30,520318	9
10203297	Київ Велика Васильківська 5	50,441158	30,520318	3
10203298	Київ Велика Васильківська 5	50,441158	30,520318	6
10203299	Київ Велика Васильківська 5	50,441158	30,520318	0
10203300	Київ Велика Васильківська 5	50,441209	30,520318	3
10203301	Київ Велика Васильківська 5	50,441178	30,520334	5
10203302	Київ Велика Васильківська 5	50,44087	30,52044	5
10203303	Київ Велика Васильківська 5	50,44087	30,52044	8
10203304	Київ Велика Васильківська 5	50,441832	30,520679	8
10203305	Київ Велика Васильківська 5	50,44089	30,52071	2
10203306	Київ Велика Васильківська 5	50,44089	30,52071	7
10203307	Київ Велика Васильківська 5/1	50,441609	30,520328	8
10203308	Київ Велика Васильківська 55	50,433421	30,519726	4
10203309	Київ Велика Васильківська 55	50,433421	30,519726	9
10203310	Київ Велика Васильківська 55	50,433421	30,519726	5
10203311	Київ Велика Васильківська 8	50,441177	30,519345	5
10203312	Київ Велика Васильківська 9/2	50,440517	30,519991	3
10203313	Київ Велика Васильківська 9/2	50,440541	30,519991	6
10203314	Київ Велика Васильківська 9/2	50,440507	30,520007	3
10203315	Київ Велика Васильківська 9/2	50,440528	30,520007	3
10203316	Київ Велика Васильківська 9/2	50,44091	30,52014	1
10203317	Київ Велика Васильківська 9/2	50,44103	30,52023	3
10203318	Київ Велика Васильківська 9/2	50,44076	30,52069	3
10203319	Київ Велика Васильківська 9/2	50,440551	30,52099	9
10203320	Київ Велика Васильківська 9/2	50,440541	30,521017	9
10203321	Київ Велика Васильківська 9/2	50,440541	30,521017	1
10203322	Київ Велика Васильківська 9/2	50,440541	30,521017	7
10203323	Київ Велика Васильківська 9/2	50,440541	30,521017	5
10203324	Київ Велика Васильківська 9/2	50,440541	30,521017	9
10203325	Київ Велика Васильківська 9/2	50,440541	30,521017	2
10203326	Київ Велика Васильківська 9/2	50,440541	30,521017	7
10203327	Київ Велика Васильківська 9/2	50,440541	30,521017	1
10203328	Київ Велика Васильківська 9/2	50,440541	30,521017	9
10203329	Київ Велика Васильківська 9/2	50,440541	30,521017	4
10203330	Київ Велика Васильківська 9/2	50,440541	30,521017	1
10203331	Київ Велика Васильківська 9/2	50,440541	30,521017	4
10203332	Київ Велика Васильківська 9/2	50,440541	30,521017	8
10203333	Київ Велика Васильківська 9/2	50,440541	30,521017	3
10203334	Київ Велика Васильківська 9/2	50,440541	30,521017	6
10203335	Київ Велика Васильківська 9/2	50,440455	30,521044	9
10203336	Київ Велика Васильківська 9/2	50,440524	30,521044	4
10203337	Київ Велика Васильківська 9/2	50,440524	30,521044	3
10203338	Київ Велика Васильківська/Басейна 1-3/2	50,441779	30,521141	4
10203339	Київ Велика Васильківська/Басейна 1-3/2	50,441996	30,522664	5
10203340	Київ Володимирський 4В	50,454145	30,528052	5
10203341	Київ Городецького Архітектора 10	50,446902	30,526597	9
10203342	Київ Городецького Архітектора 10	50,446861	30,526634	7
10203343	Київ Городецького Архітектора 10/1	50,447193	30,526152	0
10203344	Київ Городецького Архітектора 10/1	50,447143	30,526213	9
10203345	Київ Городецького Архітектора 10/1	50,447164	30,526214	5
10203346	Київ Городецького Архітектора 11А	50,447455	30,526811	5
10203347	Київ Городецького Архітектора 11А	50,447455	30,526811	8
10203348	Київ Городецького Архітектора 11-а	50,447568	30,526827	6
10203349	Київ Городецького Архітектора 11Б	50,447532	30,52667	0
10203350	Київ Городецького Архітектора 11Б	50,447542	30,527073	3
10203351	Київ Городецького Архітектора 11Б	50,447672	30,527158	5
10203352	Київ Городецького Архітектора 12/3	50,446353	30,526877	8
10203353	Київ Городецького Архітектора 12/3	50,446503	30,526971	4
10203354	Київ Городецького Архітектора 13	50,44736	30,52683	0
10203355	Київ Городецького Архітектора 13	50,447243	30,527229	9
10203356	Київ Городецького Архітектора 13	50,447395	30,527251	4
10203357	Київ Городецького Архітектора 13	50,447344	30,527305	3
10203358	Київ Городецького Архітектора 13	50,447313	30,527307	8
10203359	Київ Городецького Архітектора 13	50,44738	30,527315	7
10203360	Київ Городецького Архітектора 13	50,447327	30,527444	9
10203361	Київ Городецького Архітектора 13	50,447327	30,527444	1
10203362	Київ Городецького Архітектора 13	50,447327	30,527444	9
10203363	Київ Городецького Архітектора 13	50,447327	30,527444	9
10203364	Київ Городецького Архітектора 13	50,447327	30,527444	1
10203365	Київ Городецького Архітектора 13	50,447327	30,527444	2
10203366	Київ Городецького Архітектора 13	50,44746	30,527567	7
10203367	Київ Городецького Архітектора 1-3/11	50,448945	30,524724	4
10203368	Київ Городецького Архітектора 1-3/11	50,448913	30,525201	9
10203369	Київ Городецького Архітектора 15	50,447028	30,527132	1
10203370	Київ Городецького Архітектора 17/1	50,447305	30,526628	8
10203371	Київ Городецького Архітектора 17/1	50,446971	30,527444	5
10203372	Київ Городецького Архітектора 17/1	50,446858	30,527471	7
10203373	Київ Городецького Архітектора 17/1	50,446858	30,527471	3
10203374	Київ Городецького Архітектора 4	50,448624	30,524277	0
10203375	Київ Городецького Архітектора 6	50,448167	30,525133	0
10203376	Київ Городецького Архітектора 6	50,448275	30,525199	2
10203377	Київ Городецького Архітектора 6	50,448275	30,525199	2
10203378	Київ Городецького Архітектора 9	50,447786	30,526423	8
10203379	Київ Грушевського Михайла 4	50,450795	30,528596	8
10203380	Київ Грушевського Михайла 4	50,450748	30,528699	0
10203381	Київ Грушевського Михайла 6	50,449412	30,530808	9
10203382	Київ Дарвіна 1	50,442306	30,5253	2
10203383	Київ Дарвіна 1	50,442306	30,525391	9
10203384	Київ Дарвіна 10	50,440773	30,525987	0
10203385	Київ Дарвіна 4	50,441988	30,524752	3
10203386	Київ Дарвіна 4	50,441984	30,524767	6
10203387	Київ Дарвіна 6	50,441648	30,52514	5
10203388	Київ Дарвіна 6	50,441648	30,52514	7
10203389	Київ Дарвіна 8	50,441373	30,525437	7
10203390	Київ Дарвіна 8	50,441185	30,525627	1
10203391	Київ Дарвіна 8	50,441238	30,525627	7
10203392	Київ Еспланадна 1	50,438772	30,523026	0
10203393	Київ Еспланадна 2	50,439447	30,522859	3
10203394	Київ Еспланадна 2	50,439423	30,522875	9
10203395	Київ Еспланадна 2	50,439474	30,522875	6
10203396	Київ Еспланадна 2	50,439509	30,522993	0
10203397	Київ Еспланадна 20	50,437888	30,519839	1
10203398	Київ Еспланадна 20	50,437888	30,519839	6
10203399	Київ Еспланадна 20	50,437888	30,519839	5
10203400	Київ Еспланадна 20	50,437888	30,519839	1
10203401	Київ Еспланадна 20	50,437888	30,519839	2
10203402	Київ Еспланадна 20	50,437889	30,51985	2
10203403	Київ Еспланадна 20	50,437889	30,51985	6
10203404	Київ Еспланадна 20	50,437889	30,51985	4
10203405	Київ Еспланадна 20	50,437889	30,51985	2
10203406	Київ Еспланадна 20	50,437889	30,51985	8
10203407	Київ Еспланадна 20	50,437889	30,51985	2
10203408	Київ Еспланадна 20	50,437936	30,51985	4
10203409	Київ Еспланадна 20	50,437633	30,520302	1
10203410	Київ Еспланадна 20	50,437633	30,520313	0
10203411	Київ Еспланадна 20	50,437567	30,520321	6
10203412	Київ Еспланадна 20	50,437567	30,520321	1
10203413	Київ Еспланадна 20	50,437714	30,520327	4
10203414	Київ Еспланадна 20	50,437708	30,520335	7
10203415	Київ Еспланадна 20	50,4374	30,52034	6
10203416	Київ Еспланадна 20	50,437769	30,52034	2
10203417	Київ Еспланадна 20	50,437667	30,520345	8
10203418	Київ Еспланадна 20	50,437667	30,520345	8
10203419	Київ Еспланадна 20	50,437633	30,520351	2
10203420	Київ Еспланадна 20	50,437633	30,520351	0
10203421	Київ Еспланадна 20	50,437633	30,520351	0
10203422	Київ Еспланадна 20	50,437595	30,520352	3
10203423	Київ Еспланадна 20	50,437658	30,520356	8
10203424	Київ Еспланадна 20	50,437625	30,520359	0
10203425	Київ Еспланадна 20	50,437667	30,520361	6
10203426	Київ Еспланадна 20	50,437742	30,520372	9
10203427	Київ Еспланадна 20	50,437715	30,520377	8
10203428	Київ Еспланадна 20	50,43755	30,52038	4
10203429	Київ Еспланадна 20	50,43757	30,520396	8
10203430	Київ Еспланадна 20	50,43766	30,52041	4
10203431	Київ Еспланадна 20	50,43763	30,52044	3
10203432	Київ Еспланадна 20	50,437536	30,520488	0
10203433	Київ Еспланадна 20	50,43737	30,52056	7
10203434	Київ Еспланадна 20	50,43751	30,52059	0
10203435	Київ Еспланадна 20	50,43757	30,5206	1
10203436	Київ Еспланадна 20	50,43757	30,52065	9
10203437	Київ Еспланадна 20	50,43742	30,52078	7
10203438	Київ Еспланадна 28	50,437145	30,52035	3
10203439	Київ Еспланадна 28	50,43733	30,52054	0
10203440	Київ Еспланадна 28А	50,437191	30,519762	3
10203441	Київ Еспланадна 30	50,436968	30,520335	2
10203442	Київ Еспланадна 30	50,43702	30,52061	9
10203443	Київ Еспланадна 30А	50,436946	30,52019	9
10203444	Київ Еспланадна 32	50,43665	30,520286	6
10203445	Київ Еспланадна 32	50,43664	30,520291	0
10203446	Київ Еспланадна 32	50,436653	30,520311	5
10203447	Київ Еспланадна 32	50,436602	30,520377	0
10203448	Київ Еспланадна 32	50,436622	30,5204	3
10203449	Київ Еспланадна 32Б	50,436804	30,519712	3
10203450	Київ Еспланадна 32В	50,436869	30,519507	2
10203451	Київ Еспланадна 32В	50,436787	30,519701	2
10203452	Київ Еспланадна 32В	50,436855	30,519717	5
10203453	Київ Еспланадна 32В	50,4368	30,519739	2
10203454	Київ Еспланадна 32В	50,436811	30,519739	5
10203455	Київ Еспланадна 32-в	50,4367	30,52015	8
10203456	Київ Еспланадна 42	50,434944	30,519668	1
10203457	Київ Еспланадна 42	50,434923	30,519753	8
10203458	Київ Еспланадна 42	50,434958	30,519824	0
10203459	Київ Еспланадна 4-6	50,439185	30,52206	4
10203460	Київ Еспланадна 4-6	50,439185	30,52206	0
10203461	Київ Еспланадна 8	50,438752	30,521167	9
10203462	Київ Еспланадна 8/10	50,438783	30,52125	2
10203463	Київ Еспланадна 8/10	50,438783	30,52125	3
10203464	Київ Еспланадна 8/10	50,438783	30,521251	9
10203465	Київ Еспланадна 8/10	50,438783	30,521251	2
10203466	Київ Еспланадна 8/10	50,438782	30,521253	9
10203467	Київ Еспланадна 8/10	50,438823	30,521266	4
10203468	Київ Еспланадна 8/10	50,438789	30,521277	4
10203469	Київ Еспланадна 8/10	50,438813	30,521287	3
10203470	Київ Жилянська 1Б	50,432938	30,517758	9
10203471	Київ Заньковецької 10	50,446367	30,524802	8
10203472	Київ Заньковецької 10/7	50,446105	30,5243	9
10203473	Київ Заньковецької 15/4	50,447546	30,524515	3
10203474	Київ Заньковецької 2	50,44758	30,525488	5
10203475	Київ Заньковецької 3/1	50,446714	30,525749	2
10203476	Київ Заньковецької 3/1	50,446673	30,525754	5
10203477	Київ Заньковецької 3/1	50,44665	30,525792	0
10203478	Київ Заньковецької 3/1	50,44665	30,525792	3
10203479	Київ Заньковецької 3/1	50,44665	30,525792	5
10203480	Київ Заньковецької 3/1	50,446694	30,525803	2
10203481	Київ Заньковецької 3/1	50,44667	30,525813	6
10203482	Київ Заньковецької 4	50,447606	30,524318	6
10203483	Київ Заньковецької 4	50,447554	30,524495	5
10203484	Київ Заньковецької 4	50,447626	30,524536	5
10203485	Київ Заньковецької 4	50,447578	30,524537	4
10203486	Київ Заньковецької 4	50,447667	30,52458	1
10203487	Київ Заньковецької 4	50,447185	30,525471	6
10203488	Київ Заньковецької 5/2	50,44632	30,52505	2
10203489	Київ Заньковецької 5/2	50,446307	30,525223	2
10203490	Київ Заньковецької 5/2	50,446364	30,52533	6
10203491	Київ Заньковецької 5/2	50,44646	30,525384	9
10203492	Київ Заньковецької 5/2	50,446398	30,5254	0
10203493	Київ Заньковецької 5/2	50,446446	30,525406	6
10203494	Київ Заньковецької 5/2	50,446422	30,525416	3
10203495	Київ Заньковецької 5/2	50,446446	30,525486	9
10203496	Київ Заньковецької 5/2	50,446446	30,525486	7
10203497	Київ Заньковецької 5/2	50,446446	30,525486	2
10203498	Київ Заньковецької 5/2	50,446446	30,525486	7
10203499	Київ Заньковецької 5/2	50,446446	30,525486	3
10203500	Київ Заньковецької 5/2	50,446473	30,525513	1
10203501	Київ Заньковецької 5/2	50,4466	30,52553	2
10203502	Київ Заньковецької 5/2	50,446484	30,525534	1
10203503	Київ Заньковецької 6	50,446924	30,525181	4
10203504	Київ Заньковецької 6	50,446914	30,525186	3
10203505	Київ Заньковецької 6	50,446955	30,525202	0
10203506	Київ Заньковецької 6	50,446847	30,525212	8
10203507	Київ Заньковецької 6	50,447051	30,525304	2
10203508	Київ Заньковецької 6	50,446962	30,52532	1
10203509	Київ Заньковецької 6	50,44703	30,525331	3
10203510	Київ Заньковецької 6	50,44677	30,52536	5
10203511	Київ Заньковецької 6	50,44665	30,52537	4
10203512	Київ Заньковецької 7	50,446137	30,524343	7
10203513	Київ Заньковецької 7	50,44602	30,525031	7
10203514	Київ Заньковецької 8	50,44671	30,524415	8
10203515	Київ Заньковецької 8	50,44671	30,524415	9
10203516	Київ Заньковецької 8	50,44671	30,524415	7
10203517	Київ Заньковецької 8	50,44671	30,524415	8
10203518	Київ Заньковецької 8	50,446741	30,524463	8
10203519	Київ Заньковецької 8	50,446812	30,524517	2
10203520	Київ Заньковецької 8	50,446693	30,524536	9
10203521	Київ Інститутська 2	50,44924	30,525873	9
10203522	Київ Інститутська 8	50,447382	30,529509	5
10203523	Київ Козловського Івана 3	50,442058	30,527202	0
10203524	Київ Козловського Івана 5	50,441615	30,527947	9
10203525	Київ Кропивницького 10	50,441015	30,524286	7
10203526	Київ Кропивницького 10	50,441015	30,524286	9
10203527	Київ Кропивницького 10	50,44109	30,52462	1
10203528	Київ Кропивницького 10	50,4411	30,5247	7
10203529	Київ Кропивницького 12	50,44076	30,524715	3
10203530	Київ Кропивницького 12	50,44083	30,52501	5
10203531	Київ Кропивницького 12	50,440572	30,526575	6
10203532	Київ Кропивницького 14	50,440596	30,524794	7
10203533	Київ Кропивницького 14	50,440593	30,524824	0
10203534	Київ Кропивницького 16	50,440386	30,525083	7
10203535	Київ Кропивницького 16	50,440369	30,5251	0
10203536	Київ Кропивницького 16	50,440369	30,5251	6
10203537	Київ Кропивницького 18	50,440169	30,52548	3
10203538	Київ Кропивницького 18	50,440172	30,525582	0
10203539	Київ Кропивницького 3	50,44091	30,52478	7
10203540	Київ Кропивницького 4	50,441757	30,524142	8
10203541	Київ Кропивницького 4	50,44171	30,52445	7
10203542	Київ Кропивницького 6	50,441458	30,524291	0
10203543	Київ Кропивницького 8	50,441204	30,524418	4
10203544	Київ Кропивницького 8	50,441054	30,524453	2
10203545	Київ Кропивницького 8	50,441217	30,524472	0
10203546	Київ Круглоуніверситетська 10	50,443772	30,524617	7
10203547	Київ Круглоуніверситетська 11/19	50,443178	30,526468	6
10203548	Київ Круглоуніверситетська 11/19	50,443262	30,526471	3
10203549	Київ Круглоуніверситетська 11/19	50,443255	30,526525	9
10203550	Київ Круглоуніверситетська 11/19	50,443255	30,526525	5
10203551	Київ Круглоуніверситетська 11/19	50,443255	30,526525	0
10203552	Київ Круглоуніверситетська 11/19	50,443212	30,526564	0
10203553	Київ Круглоуніверситетська 11/19	50,443261	30,526577	2
10203554	Київ Круглоуніверситетська 13	50,442967	30,526374	8
10203555	Київ Круглоуніверситетська 13	50,442993	30,526385	7
10203556	Київ Круглоуніверситетська 13	50,442993	30,526385	6
10203557	Київ Круглоуніверситетська 13	50,442977	30,526407	4
10203558	Київ Круглоуніверситетська 13	50,442878	30,526435	9
10203559	Київ Круглоуніверситетська 13	50,443004	30,526456	6
10203560	Київ Круглоуніверситетська 13	50,44285	30,526616	4
10203561	Київ Круглоуніверситетська 13	50,44285	30,526616	9
10203562	Київ Круглоуніверситетська 13	50,44292	30,52674	3
10203563	Київ Круглоуніверситетська 13	50,44274	30,52675	1
10203564	Київ Круглоуніверситетська 14	50,443322	30,52565	4
10203565	Київ Круглоуніверситетська 14	50,443322	30,52565	1
10203566	Київ Круглоуніверситетська 14	50,443389	30,525653	6
10203567	Київ Круглоуніверситетська 14	50,443301	30,525723	7
10203568	Київ Круглоуніверситетська 14	50,443318	30,525782	4
10203569	Київ Круглоуніверситетська 14	50,443267	30,525813	6
10203570	Київ Круглоуніверситетська 15	50,442866	30,526985	7
10203571	Київ Круглоуніверситетська 15	50,442907	30,527024	6
10203572	Київ Круглоуніверситетська 17	50,442959	30,527369	1
10203573	Київ Круглоуніверситетська 17	50,442958	30,527399	0
10203574	Київ Круглоуніверситетська 17	50,442958	30,527399	8
10203575	Київ Круглоуніверситетська 18/2	50,442466	30,526308	7
10203576	Київ Круглоуніверситетська 18/2	50,442192	30,526401	0
10203577	Київ Круглоуніверситетська 2/1	50,442937	30,523702	8
10203578	Київ Круглоуніверситетська 2/1	50,442971	30,523713	5
10203579	Київ Круглоуніверситетська 2/1	50,44283	30,523796	9
10203580	Київ Круглоуніверситетська 2/1	50,44296	30,52409	9
10203581	Київ Круглоуніверситетська 2/1	50,443074	30,524384	2
10203582	Київ Круглоуніверситетська 2/1	50,443074	30,524464	9
10203583	Київ Круглоуніверситетська 2/1	50,443057	30,524502	6
10203584	Київ Круглоуніверситетська 20/1	50,442416	30,526971	3
10203585	Київ Круглоуніверситетська 20/1	50,442455	30,527041	4
10203586	Київ Круглоуніверситетська 22	50,442555	30,527562	7
10203587	Київ Круглоуніверситетська 3	50,443165	30,523259	3
10203588	Київ Круглоуніверситетська 3/5	50,443124	30,523093	3
10203589	Київ Круглоуніверситетська 3/5	50,443214	30,523158	0
10203590	Київ Круглоуніверситетська 3/5	50,443214	30,523158	4
10203591	Київ Круглоуніверситетська 3/5	50,443214	30,523158	3
10203592	Київ Круглоуніверситетська 3/5	50,443214	30,523158	6
10203593	Київ Круглоуніверситетська 3/5	50,443214	30,523158	5
10203594	Київ Круглоуніверситетська 3/5	50,443214	30,523158	2
10203595	Київ Круглоуніверситетська 3/5	50,443214	30,523158	1
10203596	Київ Круглоуніверситетська 3/5	50,443265	30,523158	0
10203597	Київ Круглоуніверситетська 3/5	50,443238	30,523222	8
10203598	Київ Круглоуніверситетська 3/5	50,443165	30,523259	8
10203599	Київ Круглоуніверситетська 3-5	50,443214	30,523158	9
10203600	Київ Круглоуніверситетська 3-5	50,443214	30,523158	7
10203601	Київ Круглоуніверситетська 4	50,443264	30,52371	2
10203602	Київ Круглоуніверситетська 6	50,443428	30,523721	7
10203603	Київ Круглоуніверситетська 6	50,443396	30,523803	5
10203604	Київ Круглоуніверситетська 7	50,443962	30,523733	5
10203605	Київ Круглоуніверситетська 7	50,443936	30,523735	3
10203606	Київ Круглоуніверситетська 7	50,443972	30,523755	4
10203607	Київ Круглоуніверситетська 7	50,443941	30,523771	7
10203608	Київ Круглоуніверситетська 8	50,443685	30,523963	4
10203609	Київ Круглоуніверситетська 9	50,444465	30,523552	1
10203610	Київ Круглоуніверситетська 9	50,444455	30,523584	4
10203611	Київ Круглоуніверситетська 9	50,444213	30,523592	7
10203612	Київ Круглоуніверситетська 9	50,444523	30,523638	0
10203613	Київ Круглоуніверситетська 9	50,444503	30,523676	1
10203614	Київ Круглоуніверситетська 9	50,444503	30,523676	4
10203615	Київ Круглоуніверситетська 9	50,444503	30,523676	3
10203616	Київ Круглоуніверситетська 9	50,444503	30,523676	6
10203617	Київ Круглоуніверситетська 9	50,444503	30,523676	9
10203618	Київ Круглоуніверситетська 9	50,444585	30,523681	0
10203619	Київ Круглоуніверситетська 9	50,444547	30,523692	8
10203620	Київ Крутий 3А	50,442773	30,524682	2
10203621	Київ Крутий 4	50,44224	30,523317	0
10203622	Київ Крутий 6	50,442271	30,52387	5
10203623	Київ Крутий 6	50,442229	30,523878	9
10203624	Київ Крутий 6/2	50,44239	30,52362	0
10203625	Київ Крутий 6/2	50,442128	30,523795	9
10203626	Київ Крутий 6/2	50,442129	30,523795	4
10203627	Київ Крутий 6/2	50,44225	30,52383	8
10203628	Київ Крутий 6/2	50,44208	30,523919	8
10203629	Київ Крутий 6/2	50,442083	30,523919	0
10203630	Київ Крутий 7	50,442621	30,524972	8
10203631	Київ Крутий 7	50,44262	30,524974	1
10203632	Київ Крутий 7	50,442604	30,525314	6
10203633	Київ Крутий 7	50,442768	30,525469	9
10203634	Київ Крутий 7	50,442686	30,525481	9
10203635	Київ Крутий 7	50,442768	30,525501	8
10203636	Київ Лютеранська 10А	50,444899	30,523536	4
10203637	Київ Лютеранська 10А	50,444899	30,523536	9
10203638	Київ Лютеранська 10А	50,444899	30,523536	2
10203639	Київ Лютеранська 10А	50,444872	30,523568	2
10203640	Київ Лютеранська 11	50,445523	30,52501	2
10203641	Київ Лютеранська 11-в	50,44552	30,52476	1
10203642	Київ Лютеранська 13	50,445361	30,525358	1
10203643	Київ Лютеранська 13	50,445341	30,525371	3
10203644	Київ Лютеранська 16	50,44485	30,525265	5
10203645	Київ Лютеранська 16	50,444833	30,525303	9
10203646	Київ Лютеранська 17	50,444839	30,526081	0
10203647	Київ Лютеранська 19	50,444657	30,526369	3
10203648	Київ Лютеранська 21	50,444345	30,526757	2
10203649	Київ Лютеранська 3	50,446526	30,523045	2
10203650	Київ Лютеранська 3	50,446526	30,523066	6
10203651	Київ Лютеранська 3	50,446526	30,523066	5
10203652	Київ Лютеранська 3	50,446588	30,523109	1
10203653	Київ Лютеранська 3	50,446308	30,52341	4
10203654	Київ Лютеранська 4	50,445857	30,522994	5
10203655	Київ Лютеранська 4	50,445874	30,523021	2
10203656	Київ Лютеранська 4	50,445854	30,523037	3
10203657	Київ Лютеранська 6	50,445436	30,523296	5
10203658	Київ Лютеранська 6	50,445436	30,523296	7
10203659	Київ Лютеранська 6	50,445467	30,523366	7
10203660	Київ Лютеранська 6	50,445484	30,523376	7
10203661	Київ Лютеранська 6	50,445457	30,523387	7
10203662	Київ Лютеранська 6Б	50,445436	30,523296	3
10203663	Київ Лютеранська 7/10	50,445937	30,523975	1
10203664	Київ Лютеранська 7/10	50,445968	30,524039	5
10203665	Київ Лютеранська 7/10	50,445329	30,524206	8
10203666	Київ Лютеранська 8	50,445209	30,522981	4
10203667	Київ Лютеранська 8	50,445233	30,523035	8
10203668	Київ Лютеранська 9/9	50,445715	30,524607	6
10203669	Київ Михайлівська 22Б	50,448378	30,518904	2
10203670	Київ Музейний 10	50,449036	30,530318	3
10203671	Київ Музейний 10	50,448978	30,530323	0
10203672	Київ Музейний 2Б	50,45028	30,529299	8
10203673	Київ Музейний 2Д	50,4502	30,528883	2
10203674	Київ Музейний 2Д	50,4502	30,528883	0
10203675	Київ Музейний 8	50,449461	30,529929	7
10203676	Київ Небесної сотні 1	50,449734	30,526206	8
10203677	Київ Небесної сотні 1	50,449908	30,527935	5
10203678	Київ Небесної сотні 2	50,449433	30,525926	2
10203679	Київ Небесної сотні 2	50,449522	30,526109	9
10203680	Київ Небесної сотні 2	50,449713	30,526174	4
10203681	Київ Небесної сотні 2	50,449051	30,526278	5
10203682	Київ Небесної сотні 2А	50,449016	30,526326	9
10203683	Київ Незалежності 	50,449737	30,524515	9
10203684	Київ Незалежності 	50,44932	30,525717	1
10203685	Київ Незалежності 1	50,450959	30,522602	2
10203686	Київ Незалежності 1	50,450945	30,522639	6
10203687	Київ Незалежності 1	50,450945	30,522639	1
10203688	Київ Незалежності 1	50,448921	30,524711	6
10203689	Київ Незалежності 1	50,448979	30,525422	3
10203690	Київ Незалежності 2	50,450621	30,523299	7
10203691	Київ Незалежності 3	50,449648	30,526489	3
10203692	Київ Ольгинська 2/1	50,446497	30,52795	9
10203693	Київ Ольгинська 3	50,446925	30,527837	5
10203694	Київ Ольгинська 3	50,447519	30,528052	1
10203695	Київ Ольгинська 3	50,447618	30,52817	9
10203696	Київ Ольгинська 6	50,446989	30,528357	0
10203697	Київ Рогнединська 1/13	50,440299	30,519624	3
10203698	Київ Рогнединська 1/13	50,439968	30,519828	8
10203699	Київ Рогнединська 1/13	50,43993	30,519892	8
10203700	Київ Рогнединська 1/13	50,439896	30,519951	3
10203701	Київ Рогнединська 3	50,439846	30,520531	7
10203702	Київ Рогнединська 3	50,439846	30,520531	7
10203703	Київ Рогнединська 3	50,439846	30,520531	6
10203704	Київ Рогнединська 3	50,439846	30,520531	7
10203705	Київ Рогнединська 3	50,439839	30,520574	1
10203706	Київ Рогнединська 4А	50,439394	30,519065	6
10203707	Київ Рогнединська 4А	50,43938	30,519515	0
10203708	Київ Рогнединська 4А	50,43951	30,51961	8
10203709	Київ Рогнединська 4А	50,439405	30,519706	7
10203710	Київ Рогнединська 4А	50,439405	30,519706	6
10203711	Київ Рогнединська 5/14	50,439386	30,520452	5
10203712	Київ Руставелі Шота 1	50,439857	30,522585	7
10203713	Київ Руставелі Шота 1	50,43986	30,522601	5
10203714	Київ Руставелі Шота 1	50,439875	30,522632	3
10203715	Київ Руставелі Шота 10	50,439766	30,52123	0
10203716	Київ Руставелі Шота 10	50,439732	30,521262	2
10203717	Київ Руставелі Шота 11	50,439003	30,520855	7
10203718	Київ Руставелі Шота 12	50,439518	30,520702	5
10203719	Київ Руставелі Шота 12	50,439566	30,52081	3
10203720	Київ Руставелі Шота 12	50,439577	30,520856	8
10203721	Київ Руставелі Шота 12	50,439582	30,520883	0
10203722	Київ Руставелі Шота 12	50,439582	30,520883	8
10203723	Київ Руставелі Шота 12	50,439568	30,520933	7
10203724	Київ Руставелі Шота 12	50,4393	30,52131	8
10203725	Київ Руставелі Шота 15	50,438682	30,520033	9
10203726	Київ Руставелі Шота 15	50,438682	30,520043	1
10203727	Київ Руставелі Шота 15А	50,438682	30,51999	7
10203728	Київ Руставелі Шота 15Б	50,438465	30,52032	8
10203729	Київ Руставелі Шота 15Б	50,438417	30,520331	1
10203730	Київ Руставелі Шота 15Б	50,43842	30,520334	6
10203731	Київ Руставелі Шота 15Б	50,43822	30,52056	4
10203732	Київ Руставелі Шота 15-б	50,43845	30,51997	9
10203733	Київ Руставелі Шота 16	50,438956	30,519373	9
10203734	Київ Руставелі Шота 16	50,438959	30,519448	0
10203735	Київ Руставелі Шота 16	50,438959	30,519448	5
10203736	Київ Руставелі Шота 16	50,438959	30,519448	4
10203737	Київ Руставелі Шота 16	50,438959	30,519448	7
10203738	Київ Руставелі Шота 16	50,438959	30,519448	7
10203739	Київ Руставелі Шота 16	50,43912	30,51945	5
10203740	Київ Руставелі Шота 16	50,438979	30,519483	5
10203741	Київ Руставелі Шота 16	50,438986	30,519512	9
10203742	Київ Руставелі Шота 16	50,43943	30,519531	8
10203743	Київ Руставелі Шота 16	50,439017	30,519555	9
10203744	Київ Руставелі Шота 16	50,439	30,51972	1
10203745	Київ Руставелі Шота 16А	50,438959	30,519448	4
10203746	Київ Руставелі Шота 17	50,438562	30,519747	0
10203747	Київ Руставелі Шота 17	50,438583	30,51976	3
10203748	Київ Руставелі Шота 19	50,438354	30,519549	3
10203749	Київ Руставелі Шота 20	50,438655	30,518862	5
10203750	Київ Руставелі Шота 20	50,438655	30,518862	3
10203751	Київ Руставелі Шота 20	50,438655	30,518862	0
10203752	Київ Руставелі Шота 20	50,438655	30,518862	4
10203753	Київ Руставелі Шота 20	50,438655	30,518898	7
10203754	Київ Руставелі Шота 20	50,438778	30,519082	8
10203755	Київ Руставелі Шота 20	50,438788	30,519114	8
10203756	Київ Руставелі Шота 20Б	50,439095	30,518452	5
10203757	Київ Руставелі Шота 20Б	50,438938	30,518495	8
10203758	Київ Руставелі Шота 20Б	50,438958	30,518495	8
10203759	Київ Руставелі Шота 20Б	50,438965	30,518511	3
10203760	Київ Руставелі Шота 20Б	50,438812	30,518662	1
10203761	Київ Руставелі Шота 20В	50,438655	30,518862	4
10203762	Київ Руставелі Шота 20В	50,438655	30,518862	1
10203763	Київ Руставелі Шота 20-в	50,43903	30,51836	0
10203764	Київ Руставелі Шота 21	50,437478	30,518773	7
10203765	Київ Руставелі Шота 21	50,438295	30,518951	4
10203766	Київ Руставелі Шота 21	50,438291	30,519021	8
10203767	Київ Руставелі Шота 21	50,438329	30,519214	6
10203768	Київ Руставелі Шота 21	50,438329	30,519214	9
10203769	Київ Руставелі Шота 22А	50,438884	30,518652	5
10203770	Київ Руставелі Шота 22Б	50,438897	30,51818	4
10203771	Київ Руставелі Шота 22Б	50,438897	30,51826	3
10203772	Київ Руставелі Шота 23	50,43829	30,51857	3
10203773	Київ Руставелі Шота 23	50,438213	30,518839	1
10203774	Київ Руставелі Шота 23	50,438186	30,51886	5
10203775	Київ Руставелі Шота 23	50,438186	30,51886	5
10203776	Київ Руставелі Шота 23	50,438186	30,51886	1
10203777	Київ Руставелі Шота 24	50,438409	30,518324	3
10203778	Київ Руставелі Шота 24	50,438409	30,518324	6
10203779	Київ Руставелі Шота 24	50,438409	30,518324	8
10203780	Київ Руставелі Шота 24	50,438409	30,518324	0
10203781	Київ Руставелі Шота 24	50,438433	30,518362	4
10203782	Київ Руставелі Шота 24	50,438467	30,518362	2
10203783	Київ Руставелі Шота 25	50,43782	30,51847	6
10203784	Київ Руставелі Шота 25	50,43783	30,51858	1
10203785	Київ Руставелі Шота 25	50,437926	30,518667	9
10203786	Київ Руставелі Шота 25	50,437974	30,518694	4
10203787	Київ Руставелі Шота 25	50,437916	30,51871	3
10203788	Київ Руставелі Шота 25Б	50,4379	30,51915	9
10203789	Київ Руставелі Шота 26	50,437895	30,518064	6
10203790	Київ Руставелі Шота 26	50,437988	30,518064	0
10203791	Київ Руставелі Шота 26	50,437915	30,518068	1
10203792	Київ Руставелі Шота 26	50,437915	30,518068	0
10203793	Київ Руставелі Шота 26	50,437915	30,518068	9
10203794	Київ Руставелі Шота 26	50,437923	30,518085	3
10203795	Київ Руставелі Шота 26	50,437906	30,518101	9
10203796	Київ Руставелі Шота 26	50,437906	30,518101	6
10203797	Київ Руставелі Шота 26	50,437906	30,518101	9
10203798	Київ Руставелі Шота 26	50,437906	30,518101	5
10203799	Київ Руставелі Шота 26	50,437813	30,518106	6
10203800	Київ Руставелі Шота 26	50,437947	30,518112	6
10203801	Київ Руставелі Шота 26	50,437953	30,518112	8
10203802	Київ Руставелі Шота 26	50,437988	30,518117	1
10203803	Київ Руставелі Шота 26	50,43836	30,51863	4
10203804	Київ Руставелі Шота 27	50,437623	30,518688	6
10203805	Київ Руставелі Шота 27А	50,437684	30,518911	0
10203806	Київ Руставелі Шота 27А	50,437622	30,518943	6
10203807	Київ Руставелі Шота 27А	50,437666	30,518965	3
10203808	Київ Руставелі Шота 27А	50,43762	30,518984	2
10203809	Київ Руставелі Шота 27Б	50,437641	30,519322	4
10203810	Київ Руставелі Шота 29	50,437421	30,518566	4
10203811	Київ Руставелі Шота 29	50,437439	30,518764	9
10203812	Київ Руставелі Шота 29	50,437412	30,518813	3
10203813	Київ Руставелі Шота 29	50,437412	30,518813	2
10203814	Київ Руставелі Шота 29	50,437412	30,518813	1
10203815	Київ Руставелі Шота 29	50,437412	30,518813	1
10203816	Київ Руставелі Шота 29Б	50,437394	30,519477	2
10203817	Київ Руставелі Шота 3	50,439663	30,52214	1
10203818	Київ Руставелі Шота 3	50,43968	30,522194	5
10203819	Київ Руставелі Шота 3	50,43968	30,522194	6
10203820	Київ Руставелі Шота 3	50,43968	30,522194	5
10203821	Київ Руставелі Шота 3	50,43968	30,522194	5
10203822	Київ Руставелі Шота 3	50,439745	30,522204	5
10203823	Київ Руставелі Шота 3	50,439752	30,522258	0
10203824	Київ Руставелі Шота 3	50,439738	30,522397	9
10203825	Київ Руставелі Шота 30	50,437454	30,517942	5
10203826	Київ Руставелі Шота 30	50,437489	30,517976	6
10203827	Київ Руставелі Шота 30Б	50,437482	30,517511	4
10203828	Київ Руставелі Шота 31А	50,437241	30,518693	2
10203829	Київ Руставелі Шота 31А	50,437216	30,518769	9
10203830	Київ Руставелі Шота 31А	50,437262	30,518789	2
10203831	Київ Руставелі Шота 31А	50,437262	30,518808	6
10203832	Київ Руставелі Шота 31Б	50,437228	30,519211	7
10203833	Київ Руставелі Шота 31Б	50,437228	30,519211	3
10203834	Київ Руставелі Шота 31-б	50,43725	30,51845	5
10203835	Київ Руставелі Шота 31Г	50,437193	30,519488	1
10203836	Київ Руставелі Шота 31Г	50,437224	30,519495	3
10203837	Київ Руставелі Шота 31Г	50,437224	30,519495	0
10203838	Київ Руставелі Шота 31Г	50,437224	30,519495	2
10203839	Київ Руставелі Шота 31Г	50,437224	30,519495	2
10203840	Київ Руставелі Шота 31Г	50,437204	30,519521	5
10203841	Київ Руставелі Шота 32	50,437308	30,518003	7
10203842	Київ Руставелі Шота 32	50,437311	30,518003	5
10203843	Київ Руставелі Шота 32	50,437332	30,518046	0
10203844	Київ Руставелі Шота 32	50,437275	30,518083	2
10203845	Київ Руставелі Шота 33А	50,437029	30,518582	1
10203846	Київ Руставелі Шота 33А	50,437087	30,518727	9
10203847	Київ Руставелі Шота 33А	50,437052	30,518759	1
10203848	Київ Руставелі Шота 33А	50,437067	30,518795	8
10203849	Київ Руставелі Шота 33А	50,437049	30,518797	8
10203850	Київ Руставелі Шота 33Б	50,437026	30,51912	7
10203851	Київ Руставелі Шота 33Б	50,437005	30,519136	4
10203852	Київ Руставелі Шота 33Б	50,437016	30,519168	8
10203853	Київ Руставелі Шота 34	50,437102	30,517904	0
10203854	Київ Руставелі Шота 34	50,437138	30,518017	0
10203855	Київ Руставелі Шота 34	50,43708	30,518033	4
10203856	Київ Руставелі Шота 34	50,43708	30,518033	0
10203857	Київ Руставелі Шота 34	50,437073	30,518081	0
10203858	Київ Руставелі Шота 34	50,437107	30,518115	2
10203859	Київ Руставелі Шота 34	50,437025	30,518131	9
10203860	Київ Руставелі Шота 34	50,43708	30,51829	8
10203861	Київ Руставелі Шота 34	50,43716	30,51863	5
10203862	Київ Руставелі Шота 36	50,436898	30,518046	8
10203863	Київ Руставелі Шота 36	50,436898	30,518046	9
10203864	Київ Руставелі Шота 36	50,436898	30,518046	8
10203865	Київ Руставелі Шота 37	50,436642	30,518854	5
10203866	Київ Руставелі Шота 37	50,436642	30,518854	9
10203867	Київ Руставелі Шота 38Б	50,43672	30,517534	8
10203868	Київ Руставелі Шота 38Б	50,436733	30,51754	5
10203869	Київ Руставелі Шота 39/41	50,436322	30,518756	3
10203870	Київ Руставелі Шота 39/41	50,436322	30,518756	6
10203871	Київ Руставелі Шота 39/41	50,436407	30,518792	8
10203872	Київ Руставелі Шота 39/41	50,436213	30,518798	2
10203873	Київ Руставелі Шота 39-41	50,436288	30,518712	1
10203874	Київ Руставелі Шота 39-41	50,436425	30,518755	4
10203875	Київ Руставелі Шота 3А	50,4393	30,52271	6
10203876	Київ Руставелі Шота 4	50,44004	30,52214	9
10203877	Київ Руставелі Шота 4	50,43998	30,52231	5
10203878	Київ Руставелі Шота 40	50,436362	30,517847	5
10203879	Київ Руставелі Шота 40	50,436454	30,51799	5
10203880	Київ Руставелі Шота 40	50,43647	30,51873	0
10203881	Київ Руставелі Шота 40/10	50,436246	30,517868	0
10203882	Київ Руставелі Шота 40/10	50,436256	30,517877	6
10203883	Київ Руставелі Шота 40/10	50,436191	30,517968	5
10203884	Київ Руставелі Шота 40/10	50,436444	30,518	4
10203885	Київ Руставелі Шота 40/10	50,436485	30,518022	0
10203886	Київ Руставелі Шота 44	50,43504	30,51739	8
10203887	Київ Руставелі Шота 44	50,435304	30,517979	0
10203888	Київ Руставелі Шота 44	50,435332	30,518	4
10203889	Київ Руставелі Шота 44	50,435292	30,518004	4
10203890	Київ Руставелі Шота 44	50,435263	30,518006	1
10203891	Київ Руставелі Шота 44	50,435263	30,518006	2
10203892	Київ Руставелі Шота 44	50,435263	30,518006	1
10203893	Київ Руставелі Шота 44	50,435263	30,518006	7
10203894	Київ Руставелі Шота 44	50,435263	30,518006	5
10203895	Київ Руставелі Шота 44	50,435263	30,518006	3
10203896	Київ Руставелі Шота 44	50,435263	30,518006	7
10203897	Київ Руставелі Шота 44	50,435243	30,518011	3
10203898	Київ Руставелі Шота 44	50,435294	30,518011	9
10203899	Київ Руставелі Шота 44	50,435222	30,518017	5
10203900	Київ Руставелі Шота 44	50,435247	30,518019	3
10203901	Київ Руставелі Шота 44	50,435247	30,518019	6
10203902	Київ Руставелі Шота 44	50,435246	30,518038	4
10203903	Київ Руставелі Шота 44	50,435267	30,518038	9
10203904	Київ Руставелі Шота 44	50,435291	30,518049	7
10203905	Київ Руставелі Шота 44	50,43514	30,518054	4
10203906	Київ Руставелі Шота 44	50,435269	30,518056	2
10203907	Київ Руставелі Шота 44	50,43535	30,51847	2
10203908	Київ Руставелі Шота 44	50,43532	30,51849	7
10203909	Київ Руставелі Шота 46	50,434644	30,517614	2
10203910	Київ Руставелі Шота 47	50,435173	30,519084	6
10203911	Київ Руставелі Шота 47	50,435172	30,519166	9
10203912	Київ Руставелі Шота 47	50,435172	30,519166	9
10203913	Київ Руставелі Шота 47	50,435172	30,519166	8
10203914	Київ Руставелі Шота 47	50,435258	30,519166	4
10203915	Київ Руставелі Шота 4А	50,440288	30,522247	7
10203916	Київ Руставелі Шота 4Б	50,440289	30,521759	8
10203917	Київ Руставелі Шота 4Б	50,4401	30,52214	0
10203918	Київ Руставелі Шота 4-Б	50,4402	30,52204	9
10203919	Київ Руставелі Шота 5	50,439425	30,521532	0
10203920	Київ Руставелі Шота 6	50,440122	30,521292	0
10203921	Київ Руставелі Шота 8	50,439879	30,521508	8
10203922	Київ Руставелі Шота 8	50,439868	30,521521	0
10203923	Київ Руставелі Шота 8	50,439899	30,521535	4
10203924	Київ Руставелі Шота 9А	50,439147	30,521397	1
10203925	Київ Руставелі Шота 9А	50,439185	30,521445	6
10203926	Київ Руставелі Шота 9А	50,439225	30,52152	9
10203927	Київ Руставелі Шота 9-а	50,439154	30,521125	3
10203928	Київ Саксаганського 1	50,43588	30,52027	2
10203929	Київ Саксаганського 1	50,435411	30,520276	3
10203930	Київ Саксаганського 1	50,43564	30,52028	1
10203931	Київ Саксаганського 12А	50,436212	30,517349	0
10203932	Київ Саксаганського 12А	50,436217	30,517362	8
10203933	Київ Саксаганського 12А	50,436217	30,517362	0
10203934	Київ Саксаганського 12А	50,436161	30,51738	0
10203935	Київ Саксаганського 12А	50,436183	30,517445	3
10203936	Київ Саксаганського 12Б	50,436492	30,51728	8
10203937	Київ Саксаганського 12Б	50,436458	30,517372	7
10203938	Київ Саксаганського 12Б	50,436458	30,517372	7
10203939	Київ Саксаганського 12Б	50,436458	30,517372	5
10203940	Київ Саксаганського 13/42	50,435716	30,517761	4
10203941	Київ Саксаганського 13/42	50,435617	30,518013	8
10203942	Київ Саксаганського 13/42	50,435661	30,518013	0
10203943	Київ Саксаганського 13/42	50,43561	30,518024	6
10203944	Київ Саксаганського 13/42	50,43561	30,518024	8
10203945	Київ Саксаганського 13/42	50,43562	30,518024	7
10203946	Київ Саксаганського 13/42	50,435624	30,518024	0
10203947	Київ Саксаганського 13/42	50,435613	30,518051	8
10203948	Київ Саксаганського 13/42	50,435566	30,518062	3
10203949	Київ Саксаганського 13/42	50,43558	30,51832	8
10203950	Київ Саксаганського 14	50,43623	30,516943	5
10203951	Київ Саксаганського 14	50,436203	30,516974	9
10203952	Київ Саксаганського 15	50,435577	30,517498	4
10203953	Київ Саксаганського 15	50,435577	30,517498	8
10203954	Київ Саксаганського 15	50,435577	30,517498	3
10203955	Київ Саксаганського 15А	50,435755	30,517348	6
10203956	Київ Саксаганського 15А	50,43512	30,517618	3
10203957	Київ Саксаганського 3	50,435686	30,52003	2
10203958	Київ Саксаганського 4	50,436155	30,519946	8
10203959	Київ Саксаганського 4	50,436174	30,519997	6
10203960	Київ Саксаганського 4	50,436134	30,520021	9
10203961	Київ Саксаганського 4	50,436141	30,520026	3
10203962	Київ Саксаганського 4	50,436167	30,520029	1
10203963	Київ Саксаганського 4	50,436141	30,520074	9
10203964	Київ Саксаганського 5	50,435727	30,519601	2
10203965	Київ Саксаганського 5	50,435713	30,519681	2
10203966	Київ Саксаганського 5	50,435688	30,519725	4
10203967	Київ Саксаганського 6	50,436207	30,519451	3
10203968	Київ Саксаганського 6	50,436279	30,519494	6
10203969	Київ Саксаганського 6	50,436279	30,519494	8
10203970	Київ Саксаганського 6	50,436357	30,519521	5
10203971	Київ Саксаганського 6	50,436226	30,519564	1
10203972	Київ Саксаганського 6	50,436245	30,519607	2
10203973	Київ Саксаганського 6	50,43607	30,51976	8
10203974	Київ Саксаганського 7	50,435791	30,519226	5
10203975	Київ Саксаганського 7	50,435709	30,519376	5
10203976	Київ Саксаганського 7	50,435701	30,519388	8
10203977	Київ Саксаганського 7	50,435753	30,519424	0
10203978	Київ Саксаганського 9	50,43588	30,51902	5
10203979	Київ Саксаганського 9	50,435669	30,519113	5
10203980	Київ Саксаганського 9	50,435696	30,519156	4
10203981	Київ Спортивна 1	50,437187	30,522353	8
10203982	Київ Спортивна 1	50,437187	30,522353	7
10203983	Київ Спортивна 1А	50,437187	30,522353	1
10203984	Київ Спортивна 3	50,436482	30,521747	3
10203985	Київ Спортивна 3	50,437198	30,52232	9
10203986	Київ Спортивна 3	50,437107	30,522331	4
10203987	Київ Спортивна 3	50,43717	30,522358	5
10203988	Київ Спортивна 3	50,43717	30,522358	5
10203989	Київ Спортивна 3	50,43717	30,522358	3
10203990	Київ Спортивна 3	50,43688	30,522795	5
10203991	Київ Станіславського 2	50,446154	30,526015	6
10203992	Київ Станіславського 3	50,446524	30,526184	8
10203993	Київ Станіславського 3	50,446531	30,526211	5
10203994	Київ Станіславського 3	50,446517	30,526249	3
10203995	Київ Станіславського 3	50,446517	30,526249	2
10203996	Київ Станіславського 3	50,44649	30,526254	0
10203997	Київ Станіславського 3	50,446487	30,526259	4
10203998	Київ Станіславського 3	50,446469	30,526276	5
10203999	Київ Станіславського 3	50,446437	30,5263	3
10204000	Київ Станіславського 5	50,446484	30,526204	7
10204001	Київ Франка Івана 5	50,445616	30,526531	2
10204002	Київ Франка Івана 5	50,44561	30,526546	8
10204003	Київ Хрещатик 1/2	50,451454	30,527019	4
10204004	Київ Хрещатик 1/2	50,451454	30,527019	2
10204005	Київ Хрещатик 1/2	50,451466	30,5275	1
10204006	Київ Хрещатик 13	50,448511	30,523379	7
10204007	Київ Хрещатик 13	50,448511	30,523379	4
10204008	Київ Хрещатик 13	50,448511	30,523379	1
10204009	Київ Хрещатик 13	50,448613	30,5234	4
10204010	Київ Хрещатик 13	50,448603	30,523411	7
10204011	Київ Хрещатик 13	50,449949	30,524579	9
10204012	Київ Хрещатик 15	50,443332	30,521382	7
10204013	Київ Хрещатик 15	50,447894	30,522999	3
10204014	Київ Хрещатик 15	50,447788	30,523721	0
10204015	Київ Хрещатик 15	50,44758	30,524346	6
10204016	Київ Хрещатик 15	50,447604	30,524356	1
10204017	Київ Хрещатик 15	50,447901	30,524362	6
10204018	Київ Хрещатик 15	50,447576	30,524491	2
10204019	Київ Хрещатик 15	50,447528	30,524587	8
10204020	Київ Хрещатик 15	50,447528	30,524668	0
10204021	Київ Хрещатик 15	50,447511	30,524694	5
10204022	Київ Хрещатик 15	50,447515	30,524694	0
10204023	Київ Хрещатик 15	50,447511	30,5247	5
10204024	Київ Хрещатик 15	50,447464	30,524716	3
10204025	Київ Хрещатик 15	50,447488	30,524727	2
10204026	Київ Хрещатик 15	50,447488	30,524732	7
10204027	Київ Хрещатик 15	50,447488	30,524732	2
10204028	Київ Хрещатик 15	50,447488	30,524732	0
10204029	Київ Хрещатик 15	50,447488	30,524732	0
10204030	Київ Хрещатик 15	50,447488	30,524732	2
10204031	Київ Хрещатик 15	50,447488	30,524732	1
10204032	Київ Хрещатик 15	50,447488	30,524732	6
10204033	Київ Хрещатик 15	50,447488	30,524732	3
10204034	Київ Хрещатик 15	50,447488	30,524732	3
10204035	Київ Хрещатик 15	50,447488	30,524732	9
10204036	Київ Хрещатик 15	50,447488	30,524732	4
10204037	Київ Хрещатик 15	50,447488	30,524732	6
10204038	Київ Хрещатик 15	50,447488	30,524732	5
10204039	Київ Хрещатик 15	50,447488	30,524732	2
10204040	Київ Хрещатик 15	50,447457	30,524743	7
10204041	Київ Хрещатик 15	50,447563	30,524748	3
10204042	Київ Хрещатик 15	50,447464	30,524791	5
10204043	Київ Хрещатик 15	50,447453	30,524802	7
10204044	Київ Хрещатик 15	50,447467	30,524812	4
10204045	Київ Хрещатик 15	50,447388	30,524829	2
10204046	Київ Хрещатик 15	50,447477	30,524877	9
10204047	Київ Хрещатик 15	50,443099	30,527888	9
10204048	Київ Хрещатик 15/4	50,447532	30,524673	3
10204049	Київ Хрещатик 15/4	50,447488	30,524732	5
10204050	Київ Хрещатик 15/4	50,447488	30,524732	5
10204051	Київ Хрещатик 15/4	50,447488	30,524732	7
10204052	Київ Хрещатик 17	50,44762	30,5229	6
10204053	Київ Хрещатик 17	50,447743	30,522912	1
10204054	Київ Хрещатик 17	50,447753	30,522928	9
10204055	Київ Хрещатик 17	50,447753	30,522928	9
10204056	Київ Хрещатик 17	50,447801	30,522939	3
10204057	Київ Хрещатик 19	50,447194	30,52303	9
10204058	Київ Хрещатик 19	50,447186	30,523072	5
10204059	Київ Хрещатик 19А	50,447195	30,523138	7
10204060	Київ Хрещатик 19А	50,447195	30,523138	7
10204061	Київ Хрещатик 19А	50,447195	30,523138	2
10204062	Київ Хрещатик 19А	50,447212	30,523154	9
10204063	Київ Хрещатик 19А	50,447168	30,523286	9
10204064	Київ Хрещатик 19А	50,447164	30,52333	4
10204065	Київ Хрещатик 19А	50,447164	30,52333	1
10204066	Київ Хрещатик 19А	50,447161	30,523385	9
10204067	Київ Хрещатик 20-22	50,450075	30,524247	1
10204068	Київ Хрещатик 21	50,446103	30,522258	8
10204069	Київ Хрещатик 21	50,446155	30,522274	5
10204070	Київ Хрещатик 21	50,446155	30,522274	6
10204071	Київ Хрещатик 21	50,446155	30,522274	5
10204072	Київ Хрещатик 21	50,446155	30,522274	6
10204073	Київ Хрещатик 21	50,446155	30,522274	9
10204074	Київ Хрещатик 21	50,446155	30,522274	0
10204075	Київ Хрещатик 21	50,446155	30,522274	3
10204076	Київ Хрещатик 21	50,446155	30,522274	7
10204077	Київ Хрещатик 21	50,446155	30,522274	8
10204078	Київ Хрещатик 21	50,446155	30,522274	3
10204079	Київ Хрещатик 21	50,446162	30,522279	9
10204080	Київ Хрещатик 21	50,446196	30,522285	0
10204081	Київ Хрещатик 21	50,44624	30,522285	2
10204082	Київ Хрещатик 21	50,445799	30,522295	2
10204083	Київ Хрещатик 21	50,446082	30,522307	4
10204084	Київ Хрещатик 21	50,446158	30,522317	7
10204085	Київ Хрещатик 21	50,446151	30,522333	7
10204086	Київ Хрещатик 21	50,446165	30,522354	1
10204087	Київ Хрещатик 21	50,446147	30,522369	0
10204088	Київ Хрещатик 21	50,446168	30,522376	9
10204089	Київ Хрещатик 21	50,446198	30,52238	9
10204090	Київ Хрещатик 21	50,446191	30,522414	6
10204091	Київ Хрещатик 21	50,446191	30,522414	1
10204092	Київ Хрещатик 21	50,446191	30,522414	1
10204093	Київ Хрещатик 21	50,446191	30,522414	6
10204094	Київ Хрещатик 21	50,446205	30,522417	0
10204095	Київ Хрещатик 21	50,44602	30,522489	0
10204096	Київ Хрещатик 23	50,445083	30,521871	9
10204097	Київ Хрещатик 23	50,445015	30,522059	0
10204098	Київ Хрещатик 23	50,445107	30,522072	5
10204099	Київ Хрещатик 23	50,445107	30,522072	4
10204100	Київ Хрещатик 23	50,445139	30,522112	4
10204101	Київ Хрещатик 23	50,445138	30,522124	3
10204102	Київ Хрещатик 23	50,445111	30,522151	5
10204103	Київ Хрещатик 25	50,444156	30,521875	8
10204104	Київ Хрещатик 25	50,444579	30,522752	6
10204105	Київ Хрещатик 25	50,444463	30,522779	4
10204106	Київ Хрещатик 25	50,444463	30,522779	9
10204107	Київ Хрещатик 25	50,444463	30,522779	8
10204108	Київ Хрещатик 25	50,444463	30,522779	3
10204109	Київ Хрещатик 25	50,444463	30,522779	0
10204110	Київ Хрещатик 25	50,4445	30,522779	5
10204111	Київ Хрещатик 25	50,4445	30,522784	0
10204112	Київ Хрещатик 25	50,44477	30,522811	4
10204113	Київ Хрещатик 25	50,444459	30,522816	1
10204114	Київ Хрещатик 25	50,444565	30,522816	2
10204115	Київ Хрещатик 25	50,444585	30,522827	7
10204116	Київ Хрещатик 25	50,444667	30,522843	4
10204117	Київ Хрещатик 25	50,444507	30,522859	9
10204118	Київ Хрещатик 25	50,444575	30,522859	2
10204119	Київ Хрещатик 25	50,444644	30,522927	0
10204120	Київ Хрещатик 25	50,44485	30,52306	9
10204121	Київ Хрещатик 25	50,4448	30,52315	1
10204122	Київ Хрещатик 27	50,44417	30,521683	8
10204123	Київ Хрещатик 27	50,444126	30,521778	2
10204124	Київ Хрещатик 27	50,44408	30,52179	5
10204125	Київ Хрещатик 27	50,444184	30,521812	4
10204126	Київ Хрещатик 27	50,444164	30,521839	2
10204127	Київ Хрещатик 27	50,444218	30,521855	1
10204128	Київ Хрещатик 27	50,444047	30,521876	5
10204129	Київ Хрещатик 27А	50,443797	30,521469	7
10204130	Київ Хрещатик 27А	50,443768	30,521524	3
10204131	Київ Хрещатик 27А	50,443833	30,521572	4
10204132	Київ Хрещатик 27-а	50,443671	30,521492	8
10204133	Київ Хрещатик 27-а	50,443671	30,521492	7
10204134	Київ Хрещатик 27Б	50,444126	30,521778	1
10204135	Київ Хрещатик 27Б	50,444126	30,521778	8
10204136	Київ Хрещатик 27Б	50,443909	30,52179	2
10204137	Київ Хрещатик 27Б	50,44414	30,521855	8
10204138	Київ Хрещатик 27Б	50,4439	30,52235	7
10204139	Київ Хрещатик 27Б	50,443776	30,522573	0
10204140	Київ Хрещатик 27Б	50,443821	30,522589	1
10204141	Київ Хрещатик 27Б	50,443899	30,522653	4
10204142	Київ Хрещатик 27Б	50,443827	30,522659	8
10204143	Київ Хрещатик 27Б	50,443855	30,522659	5
10204144	Київ Хрещатик 29	50,4431	30,5213	0
10204145	Київ Хрещатик 29	50,443202	30,521362	1
10204146	Київ Хрещатик 29	50,443187	30,52137	6
10204147	Київ Хрещатик 29	50,44299	30,521461	9
10204148	Київ Хрещатик 29	50,443174	30,521466	1
10204149	Київ Хрещатик 29	50,443174	30,521467	8
10204150	Київ Хрещатик 29	50,443174	30,521467	9
10204151	Київ Хрещатик 29	50,443174	30,521467	1
10204152	Київ Хрещатик 29	50,443174	30,521467	0
10204153	Київ Хрещатик 29	50,442943	30,521471	1
10204154	Київ Хрещатик 29	50,442926	30,521509	8
10204155	Київ Хрещатик 29	50,443158	30,521554	9
10204156	Київ Хрещатик 29	50,443182	30,521564	3
10204157	Київ Хрещатик 29	50,442885	30,521579	4
10204158	Київ Хрещатик 29	50,442885	30,521579	2
10204159	Київ Хрещатик 29	50,442885	30,521579	1
10204160	Київ Хрещатик 29	50,44316	30,5219	7
10204161	Київ Хрещатик 29	50,44319	30,52218	2
10204162	Київ Хрещатик 29/1	50,442919	30,521461	5
10204163	Київ Хрещатик 7	50,451125	30,526416	3
10204164	Київ Хрещатик 7/11	50,45055	30,525706	7
10204165	Київ Хрещатик 7/11	50,45051	30,52573	1
10204166	Київ Хрещатик 7/11	50,450707	30,52594	6
10204167	Київ Хрещатик 7/11	50,45064	30,525999	7
10204168	Київ Хрещатик 7/11	50,45064	30,525999	4
10204169	Київ Хрещатик 7/11	50,45064	30,525999	9
10204170	Київ Хрещатик 7/11	50,45064	30,525999	4
10204171	Київ Хрещатик 7/11	50,45064	30,525999	8
10204172	Київ Хрещатик 7/11	50,45068	30,526015	3
10204173	Київ Хрещатик 7/11	50,45068	30,526015	3
10204174	Київ Хрещатик 7/11	50,45068	30,526015	0
10204175	Київ Хрещатик 7/11	50,450659	30,526038	1
10204176	Київ Хрещатик 7/11	50,450741	30,526038	4
10204177	Київ Хрещатик 7/11	50,450728	30,526053	1
10204178	Київ Хрещатик 7/11	50,450728	30,526063	4
10204179	Київ Хрещатик 7/11	50,450734	30,526063	3
10204180	Київ Хрещатик 7/11	50,450704	30,526069	9
10204181	Київ Хрещатик 7/11	50,450673	30,526081	4
10204182	Київ Хрещатик 7/11	50,450707	30,526094	0
10204183	Київ Хрещатик 7/11	50,450707	30,526094	2
10204184	Київ Хрещатик 7/11	50,450707	30,526094	6
10204185	Київ Хрещатик 7/11	50,450707	30,526094	8
10204186	Київ Хрещатик 7/11	50,450796	30,526112	8
10204187	Київ Хрещатик 7/11	50,450608	30,526128	7
10204188	Київ Хрещатик 7/11	50,450765	30,526133	6
10204189	Київ Хрещатик 7/11	50,450687	30,526135	9
10204190	Київ Хрещатик 7/11	50,450786	30,526171	1
10204191	Київ Хрещатик 7/11	50,45081	30,52653	7
10204192	Київ Хрещатик 7/11	50,45081	30,52653	6
10204193	Київ Червоноармійська 21	50,4394	30,51767	8
10204194	Київ Червоноармійська 25	50,438812	30,51651	3
10204195	Київ Червоноармійська 9/2	50,440427	30,520931	3
10204196	Київ Червоноармійська 9/2	50,440541	30,521017	6
10204197	Київ Червоноармійська 9/2	50,440541	30,521017	6
10204198	Київ Шовковична 42/44	50,440374	30,526722	9
10204199	Київ Шовковична 48	50,439953	30,525841	9
10204200	Київ, Велика Васильківська 23Б	50,43854	30,51767	0
10204201	Київ, Червоноармійська 21	50,439406	30,517677	8
10204202	м. Київ вулиця Еспланадна 30А	50,43636	30,52077	1
10204203	м. Київ вулиця Руставелі Шота 16	50,43889	30,51964	3
10204204	м. Київ вулиця Руставелі Шота 40	50,43609	30,51835	2
10204205	м. Київ вулиця Хрещатик 15	50,44789	30,52394	8